<?xml version="1.0" encoding="UTF-8"?>
<!DOCTYPE mapper PUBLIC "-//mybatis.org//DTD Mapper 3.0//EN" "http://mybatis.org/dtd/mybatis-3-mapper.dtd">
<mapper namespace="actor">
	
<!--	아마도 필요없음 	
	<insert id="create" parameterType="actorVO">
		insert into member values (#{id}, #{pw}, #{name}, #{tel})
	</insert>
	
	<delete id="del"  parameterType="actorVO">
		delete from member where id = #{id}
	</delete>
	
	<update id="up"  parameterType="actorVO">
		update member set tel = #{tel} where id = #{id}
	</update> -->
	
	<select id="one" parameterType="int">
		select * from actor where actorId = #{actorId}
	</select>
	
	<select id="all" resultType="actorVO">
		select * from actor
	</select>
</mapper>











