<?xml version="1.0" encoding="UTF-8"?>
<!DOCTYPE mapper PUBLIC "-//mybatis.org//DTD Mapper 3.0//EN" "http://mybatis.org/dtd/mybatis-3-mapper.dtd">
<mapper namespace="popmovie">
	
<!-- 	아마 필요없음
	<insert id="create" parameterType="popmovieVO">
		insert into popmovie values (#{id}, #{pw}, #{name}, #{tel})
	</insert>
	
	<delete id="del"  parameterType="popmovieVO">
		delete from popmovie where id = #{id}
	</delete>
	
	<update id="up"  parameterType="popmovieVO">
		update popmovie set tel = #{tel} where id = #{id}
	</update> -->
	
	<select id="one" parameterType="int">
		select * from popmovie where id = #{id}
	</select>
	
<!-- 	<select id="info" parameterType="int">
		select stroy from popmovie where id = #{id}
	</select> -->
	
	<select id="all" resultType="popmovieVO">
		select * from popmovie
	</select>
</mapper>











