<?xml version="1.0" encoding="UTF-8"?>
<beans xmlns="http://www.springframework.org/schema/beans"
	xmlns:xsi="http://www.w3.org/2001/XMLSchema-instance"
	xsi:schemaLocation="http://www.springframework.org/schema/beans https://www.springframework.org/schema/beans/spring-beans.xsd">

	<!-- Root Context: defines shared resources visible to all other web components -->

	<!-- 1) mybatis 객체 생성 -> .java파일이 없기 때문에 어노테이션을 사용할 수 없어서 직접 생성해줘야함 (아마 여기서 config를 끼워야해서 마지막으로 생성됨)-->
	<bean id="my" class="org.mybatis.spring.SqlSessionTemplate">
		<constructor-arg ref="config"></constructor-arg>
	</bean>
	<!-- 2) dbcp -> db룰 연결할 드라이브, 정보를 담고있음 -->
	<bean id="dbcp" class="org.apache.commons.dbcp.BasicDataSource">
		<property name="driverClassName"
			value="com.mysql.cj.jdbc.Driver"></property>
		<property name="url"
			value="jdbc:mysql://localhost:3306/jiin?serverTimezone=UTC"></property>		<!-- DB경로 수정함 : jiin?server~~... -->
		<property name="username" value="root"></property>
		<property name="password" value="1234"></property>
	</bean>
	<!-- 3) mybatis-config -> mybatis를 sprig과 연결해주는 부품으로 dbcp를 담아야하므로 dbcp가 먼저 생성됨-->
	<bean id="config" class="org.mybatis.spring.SqlSessionFactoryBean">
		<property name="dataSource" ref="dbcp"></property>
		<property name="configLocation"
			value="classpath:mybatis-config.xml"></property>
	</bean>
</beans>