<?xml version="1.0" encoding="UTF-8" ?>
<!DOCTYPE configuration
  PUBLIC "-//mybatis.org//DTD Config 3.0//EN"
  "http://mybatis.org/dtd/mybatis-3-config.dtd">
<configuration>
<!-- SQL문 정의할 때 VO표현을 간단하게 하고 싶은 경우. 
     별명을 지어서 사용 -->
   <typeAliases>
      <typeAlias type="com.multi.mini.ActorVO" alias="actorVO"></typeAlias>
      <typeAlias type="com.multi.mini.PopMovieVO" alias="popmovieVO"></typeAlias>
   </typeAliases>
   <mappers>
   <!-- SQL문 정의하는 파일들의 목록을 지정. 테이블당 한개 사용-->
      <mapper resource="mapper/actorMapper.xml" />
      <mapper resource="mapper/popmovieMapper.xml" />
   </mappers>
</configuration>